id,symbol,name,image,current_price,market_cap,market_cap_rank,fully_diluted_valuation,total_volume,high_24h,low_24h,price_change_24h,price_change_percentage_24h,market_cap_change_24h,market_cap_change_percentage_24h,circulating_supply,total_supply,max_supply,ath,ath_change_percentage,ath_date,atl,atl_change_percentage,atl_date,roi,last_updated,price_change_percentage_1h_in_currency,price_change_percentage_24h_in_currency,roi.times,roi.currency,roi.percentage
bitcoin,btc,Bitcoin,https://assets.coingecko.com/coins/images/1/large/bitcoin.png?1547033579,47748.0,903058431116,1,1003562225058.0,28122732164.0,49936.0,47441.0,-2187.408814694107,-4.38047,-41747780923.29907,-4.41866,18896912.0,21000000.0,21000000.0,69045.0,-30.72676,2021-11-10T14:24:11.849Z,67.81,70435.69473,2013-07-06T00:00:00.000Z,,2021-12-10T08:11:49.861Z,-0.18611030321274896,-4.380465566032616,,,
ethereum,eth,Ethereum,https://assets.coingecko.com/coins/images/279/large/ethereum.png?1595348880,4037.72,479102805529,2,,24729086871.0,4360.0,4041.0,-322.283852214513,-7.39183,-40745776290.42572,-7.83801,118678492.999,,,4878.26,-16.8487,2021-11-10T14:24:19.604Z,0.432979,936744.15232,2015-10-20T00:00:00.000Z,,2021-12-10T08:10:27.295Z,-0.7338974008661564,-7.391833332319892,112.05221418029072,btc,11205.221418029072
binancecoin,bnb,Binance Coin,https://assets.coingecko.com/coins/images/825/large/binance-coin-logo.png?1547034615,571.86,96035672876,3,96035672876.0,1820135962.0,600.85,568.79,-28.993394762399,-4.82537,-5315768953.484146,-5.24489,168137035.9,168137035.9,168137035.9,686.31,-16.6346,2021-05-10T07:24:17.097Z,0.0398177,1436804.43212,2017-10-19T00:00:00.000Z,,2021-12-10T08:12:07.343Z,-0.000516413503394976,-4.825368819640178,,,
tether,usdt,Tether,https://assets.coingecko.com/coins/images/325/large/Tether-logo.png?1598003707,0.998405,77060200195,4,,60773196747.0,1.01,0.990266,0.00264526,0.26565,-396000898.5480499,-0.51126,77183275316.4391,77183275316.4391,,1.32,-24.47829,2018-07-24T00:00:00.000Z,0.572521,74.53057,2015-03-02T00:00:00.000Z,,2021-12-10T08:08:19.925Z,0.20617139772499876,0.26565202940390553,,,
solana,sol,Solana,https://assets.coingecko.com/coins/images/4128/large/Solana.jpg?1635329178,176.11,54094210064,5,,1880174661.0,190.1,175.53,-13.997324142815,-7.36299,-4398555086.492401,-7.51983,307347192.251415,508180963.57,,259.96,-32.34425,2021-11-06T21:54:35.825Z,0.500801,35019.19984,2020-05-11T19:35:23.449Z,,2021-12-10T08:10:57.986Z,-0.03058529264107047,-7.362987775544997,,,
usd-coin,usdc,USD Coin,https://assets.coingecko.com/coins/images/6319/large/USD_Coin_icon.png?1547042389,1.0,41106484565,6,,4693338399.0,1.01,0.989871,0.00622914,0.62618,127368623.0,0.31081,41066491978.0086,41028251977.9299,,1.17,-14.6074,2019-05-08T00:40:28.300Z,0.891848,12.28419,2021-05-19T13:14:05.611Z,,2021-12-10T08:12:47.090Z,0.12419221717096403,0.626175441198302,,,
cardano,ada,Cardano,https://assets.coingecko.com/coins/images/975/large/cardano.png?1547034860,1.28,40913250320,7,57415138593.0,1494882443.0,1.37,1.27,-0.095933071713,-6.994,-3318970309.843422,-7.50351,32066390668.4135,45000000000.0,45000000000.0,3.09,-58.61147,2021-09-02T06:00:10.474Z,0.01925275,6536.07721,2020-03-13T02:22:55.044Z,,2021-12-10T08:12:54.356Z,-0.1740435955790462,-6.994000001642705,,,
ripple,xrp,XRP,https://assets.coingecko.com/coins/images/44/large/xrp-symbol-white-128.png?1605778731,0.831503,39311298149,8,83203276524.0,4722748522.0,0.92674,0.827314,-0.021985612531,-2.57597,-1339533900.0939178,-3.29522,47247295769.0,100000000000.0,100000000000.0,3.4,-75.52045,2018-01-07T00:00:00.000Z,0.00268621,30870.26034,2014-05-22T00:00:00.000Z,,2021-12-10T08:12:11.144Z,-0.41393865518895634,-2.575968843170028,,,
polkadot,dot,Polkadot,https://assets.coingecko.com/coins/images/12171/large/aJGBjJFU_400x400.jpg?1597804776,26.44,28122619212,9,,1082088271.0,28.8,26.22,-2.199115214603,-7.67752,-2476919733.7830963,-8.09463,1063628907.49217,1144578040.40097,,54.98,-51.8992,2021-11-04T14:10:09.301Z,2.7,880.41495,2020-08-20T05:48:11.359Z,,2021-12-10T08:12:48.257Z,-0.3567848950629814,-7.6775152126854,,,
terra-luna,luna,Terra,https://assets.coingecko.com/coins/images/8284/large/luna1557227471663.png?1567147072,67.93,25780010762,10,67939887787.0,2646472108.0,75.51,65.87,-7.19752736135,-9.57987,-2855173796.05352,-9.97086,379453243.185019,852478236.874547,1000000000.0,77.73,-12.15981,2021-12-05T09:49:05.708Z,0.121798,55958.62832,2020-03-18T17:03:01.083Z,,2021-12-10T08:11:21.294Z,-1.6100285902268814,-9.579871277399217,,,
dogecoin,doge,Dogecoin,https://assets.coingecko.com/coins/images/5/large/dogecoin.png?1547792256,0.166724,22069125784,11,,917846724.0,0.179059,0.166528,-0.010497429933,-5.92335,-1453798060.49411,-6.18035,132467276813.136,,,0.731578,-77.1962,2021-05-08T05:08:23.458Z,8.69e-05,191868.25037,2015-05-06T00:00:00.000Z,,2021-12-10T08:10:24.166Z,-0.38895157604753844,-5.923349388517811,,,
avalanche-2,AVAX,Avalanche,https://assets.coingecko.com/coins/images/12559/large/coin-round-red.png?1604021818,85.16,20679334480,12,61314565474.0,923694751.0,91.84,83.59,-6.654316776829,-7.24765,-1834698939.1603317,-8.14913,242831710.710783,377752194.4695483,720000000.0,144.96,-41.35841,2021-11-21T14:18:56.538Z,2.8,2934.83056,2020-12-31T13:15:21.540Z,,2021-12-10T08:10:57.515Z,-1.1900163265142638,-7.247650347922178,,,
shiba-inu,shib,Shiba Inu,https://assets.coingecko.com/coins/images/11939/large/shiba.png?1622619446,3.46e-05,19001795175,13,,1067852663.0,3.706e-05,3.443e-05,-2.097754e-06,-5.71597,-1235534337.277172,-6.10522,549151351754834.3,1000000000000000.0,,8.616e-05,-59.8245,2021-10-28T03:54:55.568Z,5.6e-11,61410120.99855,2020-11-28T11:26:25.838Z,,2021-12-10T08:11:11.862Z,0.20137638984349632,-5.715973150300639,,,
crypto-com-chain,cro,Crypto.com Coin,https://assets.coingecko.com/coins/images/7310/large/cypto.png?1547043960,0.569197,14379624415,14,,306284150.0,0.613657,0.56164,-0.044291830598,-7.21967,-1191101233.6540585,-7.64962,25263013692.0,30263013692.0,,0.965407,-41.01683,2021-11-24T15:53:54.855Z,0.0121196,4598.40481,2019-02-08T00:00:00.000Z,,2021-12-10T08:11:01.548Z,-0.23895719523263312,-7.21966708018692,,,
matic-network,matic,Polygon,https://assets.coingecko.com/coins/images/4713/large/matic-token-icon.png?1624446912,2.07,14176736242,15,20627037394.0,2916911061.0,2.33,2.06,-0.257094216407,-11.05992,-1897470618.780508,-11.80444,6872890164.27,10000000000.0,10000000000.0,2.62,-21.02861,2021-05-18T19:38:18.813Z,0.00314376,65725.20628,2019-05-10T00:00:00.000Z,,2021-12-10T08:12:40.814Z,-1.3901228716883822,-11.059924705714844,785.1073932393874,usd,78510.73932393875
binance-usd,busd,Binance USD,https://assets.coingecko.com/coins/images/9576/large/BUSD.png?1568947766,0.999712,13765150215,16,,5142228871.0,1.01,0.991059,0.00381129,0.3827,111192793.0,0.81436,13769119817.28,13769119817.28,,1.15,-13.51338,2020-03-13T02:35:42.953Z,0.901127,10.77593,2021-05-19T13:04:37.445Z,,2021-12-10T08:10:38.918Z,0.3765363702370288,0.3826979254141984,,,
wrapped-bitcoin,wbtc,Wrapped Bitcoin,https://assets.coingecko.com/coins/images/7598/large/wrapped_bitcoin_wbtc.png?1548822744,47676.0,12237981959,17,12237981959.0,429796158.0,49766.0,47403.0,-2090.473379402545,-4.2006,-585050182.3375816,-4.56249,256689.84405604,256689.84405604,256689.84405604,70643.0,-32.34956,2021-11-10T14:40:19.650Z,3139.17,1422.39365,2019-04-02T00:00:00.000Z,,2021-12-10T08:12:24.309Z,-0.4422946901389662,-4.200601649773807,,,
litecoin,ltc,Litecoin,https://assets.coingecko.com/coins/images/2/large/litecoin.png?1547033580,149.95,10359413792,18,12582937442.0,1198881814.0,161.4,149.53,-11.456927796814,-7.09836,-819304312.4856968,-7.32914,69156408.2334713,84000000.0,84000000.0,410.26,-63.45299,2021-05-10T03:13:07.904Z,1.15,12951.19686,2015-01-14T00:00:00.000Z,,2021-12-10T08:12:14.269Z,-0.3437114137417044,-7.098361410691129,,,
algorand,algo,Algorand,https://assets.coingecko.com/coins/images/4380/large/download.png?1547039725,1.51,9533941111,19,15104898772.0,271932275.0,1.67,1.51,-0.131292012373,-7.99692,-868533996.1103477,-8.3493,6311820592.00621,6763900823.80243,10000000000.0,3.56,-57.55573,2019-06-20T14:51:19.480Z,0.105336,1334.94424,2020-03-13T02:20:48.438Z,,2021-12-10T08:10:37.948Z,-0.8736635009493883,-7.9969217108433295,-0.37062921782725583,usd,-37.06292178272558
tron,trx,TRON,https://assets.coingecko.com/coins/images/1094/large/tron-logo.png?1547035066,0.08928,9096741129,20,,1044428364.0,0.092287,0.088861,-0.002067729444,-2.26358,-242943170.7491703,-2.60119,101890032031.816,101900409184.273,,0.231673,-61.3472,2018-01-05T00:00:00.000Z,0.00180434,4862.91875,2017-11-12T00:00:00.000Z,,2021-12-10T08:10:08.954Z,0.1776933528138893,-2.2635807843432616,45.9894688759794,usd,4598.94688759794
chainlink,link,Chainlink,https://assets.coingecko.com/coins/images/877/large/chainlink-new-logo.png?1547034700,19.43,9062368312,21,19405102608.0,1138359148.0,21.82,19.41,-2.395507979083,-10.97813,-1209166824.7952003,-11.77202,467009553.9174637,1000000000.0,1000000000.0,52.7,-63.15464,2021-05-10T00:13:57.214Z,0.148183,13002.87111,2017-11-29T00:00:00.000Z,,2021-12-10T08:11:49.538Z,-0.4921448981739648,-10.978125094252572,,,
dai,dai,Dai,https://assets.coingecko.com/coins/images/9956/large/4943.png?1636636734,1.0,8904269027,22,8897479286.0,821577692.0,1.01,0.984305,0.00491652,0.49337,-38996766.90086937,-0.43605,8891430848.90128,8884650897.38882,8884650897.38882,1.22,-17.97986,2020-03-13T03:02:50.373Z,0.903243,10.68654,2019-11-25T00:04:18.137Z,,2021-12-10T08:08:25.028Z,0.3341394025918767,0.49336557880229825,,,
terrausd,ust,TerraUSD,https://assets.coingecko.com/coins/images/12681/large/UST.png?1601612407,0.999508,8575742344,23,,239969775.0,1.01,0.99126,0.00270041,0.27091,61742616.0,0.72519,8579742446.70248,8580414930.74921,,1.09,-8.36915,2021-01-11T22:30:57.984Z,0.857992,16.61223,2021-05-19T13:14:26.898Z,,2021-12-10T08:12:47.925Z,0.11367016440499168,0.2709060927958081,,,
bitcoin-cash,bch,Bitcoin Cash,https://assets.coingecko.com/coins/images/780/large/bitcoin-cash-circle.png?1594689492,444.92,8421081025,24,9345223553.0,2319061938.0,469.22,443.47,-18.91165687064,-4.07724,-400738881.63443756,-4.54259,18923324.8966526,21000000.0,21000000.0,3785.82,-88.26783,2017-12-20T00:00:00.000Z,76.93,477.31841,2018-12-16T00:00:00.000Z,,2021-12-10T08:11:42.288Z,-0.5857956159453149,-4.0772379215940475,,,
uniswap,uni,Uniswap,https://assets.coingecko.com/coins/images/12504/large/uniswap-uni.png?1600306604,15.65,7087045026,25,15645515498.0,236730677.0,17.52,15.61,-1.858704209037,-10.61861,-870597120.7152357,-10.94039,452976127.6744276,1000000000.0,1000000000.0,44.92,-65.1899,2021-05-03T05:25:04.822Z,1.03,1417.80873,2020-09-17T01:20:38.214Z,,2021-12-10T08:09:55.245Z,-0.38442134670307404,-10.618606485380564,,,
axie-infinity,axs,Axie Infinity,https://assets.coingecko.com/coins/images/13029/large/axie_infinity_logo.png?1604471082,102.39,6935927932,26,27589888382.0,304875196.0,114.02,101.91,-11.623950046447,-10.195,-587631212.4812794,-7.81055,67876336.27292511,270000000.0,270000000.0,164.9,-38.07669,2021-11-06T19:29:29.482Z,0.123718,82434.47142,2020-11-06T08:05:43.662Z,,2021-12-10T08:11:51.024Z,0.1726429749203695,-10.194996604726247,,,
stellar,xlm,Stellar,https://assets.coingecko.com/coins/images/100/large/Stellar_symbol_black_RGB.png?1552356157,0.271715,6685864601,27,13577814614.0,536488250.0,0.298815,0.270679,-0.021682865308,-7.39025,-574997252.9453688,-7.91913,24621435093.2099,50001802484.562,50001802484.562,0.875563,-68.89571,2018-01-03T00:00:00.000Z,0.00047612,57098.96796,2015-03-05T00:00:00.000Z,,2021-12-10T08:12:55.262Z,0.2804204863035924,-7.390252269732753,,,
cosmos,atom,Cosmos,https://assets.coingecko.com/coins/images/1481/large/cosmos_hub.png?1555657960,22.46,6366491355,28,,371838144.0,24.65,22.44,-2.137256092091,-8.68805,-649095149.1620913,-9.25219,283759585.359431,,,44.42,-49.28148,2021-09-20T00:05:25.062Z,1.16,1842.06072,2020-03-13T02:27:44.591Z,,2021-12-10T08:12:37.410Z,-0.2927588001989502,-8.688049397561306,223.6269718039622,usd,22362.69718039622
okb,okb,OKB,https://assets.coingecko.com/coins/images/4463/large/okb_token.png?1548386209,23.89,6272863735,30,,663089303.0,26.72,23.54,-2.834354366803,-10.60637,-774491749.7730722,-10.98982,262680011.32,300000000.0,,44.01,-46.49607,2021-05-03T01:03:16.108Z,0.580608,3955.1573,2019-01-14T00:00:00.000Z,,2021-12-10T08:12:29.817Z,-0.2837283184792618,-10.606371235457216,,,
staked-ether,steth,Lido Staked Ether,https://assets.coingecko.com/coins/images/13442/large/steth_logo.png?1608607546,3995.13,6222014292,29,6222198710.0,6213445.0,4346.62,3997.93,-351.486944982007,-8.08645,-539325770.5949507,-7.97661,1557400.05839776,1557446.21896836,1557446.21896836,4829.57,-16.9482,2021-11-10T14:40:47.256Z,482.9,730.62261,2020-12-22T04:08:21.854Z,,2021-12-10T08:09:11.535Z,-1.1233025276081217,-8.086450273464497,,,
compound-ether,ceth,cETH,https://assets.coingecko.com/coins/images/10643/large/ceth2.JPG?1581389598,80.91,6123594306,31,,244677153.0,87.51,80.67,-6.595854015037,-7.53746,-821566790.5866413,-11.82934,75682321.4896209,75691320.4236853,,97.75,-16.82095,2021-11-21T12:39:57.508Z,1.89,4210.47545,2020-03-13T02:22:33.711Z,,2021-12-10T08:10:21.255Z,-0.9374502662643119,-7.537457893584647,,,
vechain,vet,VeChain,https://assets.coingecko.com/coins/images/1167/large/VeChain-Logo-768x725.png?1547035194,0.084186,5618349541,32,,370331470.0,0.092881,0.084061,-0.008694450778,-9.36089,-606924345.0916901,-9.74936,66760741299.0,86712634466.0,,0.280991,-70.07771,2021-04-19T01:08:21.675Z,0.00191713,4285.66102,2020-03-13T02:29:59.652Z,,2021-12-10T08:11:35.992Z,-0.44184080875920806,-9.36089155056762,6.297333871491166,eth,629.7333871491167
near,near,Near,https://assets.coingecko.com/coins/images/10365/large/near_icon.png?1601359077,9.61,5512224385,33,9610485796.0,527678082.0,9.91,8.94,0.147207,1.55557,68494224.0,1.25822,573563553.604799,1000000000.0,1000000000.0,13.2,-26.6473,2021-10-26T13:09:48.238Z,0.526762,1737.79703,2020-11-04T16:09:15.137Z,,2021-12-10T08:10:31.617Z,0.21283945361122658,1.5555652614881819,,,
ftx-token,ftt,FTX Token,https://assets.coingecko.com/coins/images/9026/large/F.png?1609051564,39.13,5452433832,34,13119322769.0,130713509.0,43.11,39.11,-3.97795856962,-9.22762,-575615836.579051,-9.54896,139295691.31874424,335165027.385972,335165027.385972,84.18,-53.38576,2021-09-09T16:59:43.151Z,1.15,3313.0985,2019-09-06T00:00:00.000Z,,2021-12-10T08:11:41.002Z,-0.13508505845997826,-9.227616184702715,,,
elrond-erd-2,egld,Elrond,https://assets.coingecko.com/coins/images/12335/large/elrond3_360.png?1626341589,264.31,5338041903,35,,335985561.0,309.75,264.69,-27.107294772577,-9.3019,-568755145.8749475,-9.62882,20196173.0,20397843.0,,545.64,-51.44731,2021-11-23T10:33:26.737Z,6.51,3971.56049,2020-10-07T01:44:53.554Z,,2021-12-10T08:09:49.884Z,-0.15523434158430063,-9.30189621105984,,,
filecoin,fil,Filecoin,https://assets.coingecko.com/coins/images/12817/large/filecoin.png?1602753933,38.83,5258787978,36,76534483556.0,595134685.0,40.23,37.3,-1.279463943086,-3.19001,-174712873.1271057,-3.21548,135434552.0,1971065108.0,1971065108.0,236.84,-83.68193,2021-04-01T13:29:41.564Z,20.06,92.6647,2020-12-29T22:32:28.483Z,,2021-12-10T08:10:42.939Z,2.923105511355077,-3.190009973715812,,,
internet-computer,icp,Internet Computer,https://assets.coingecko.com/coins/images/14495/large/Internet_Computer_logo.png?1620703073,27.83,5113030738,37,13056334901.0,179494212.0,30.64,27.72,-2.755054949283,-9.00715,-533266978.36551666,-9.44454,183750197.9,469213710.0,469213710.0,700.65,-96.03118,2021-05-10T16:05:53.653Z,24.29,14.47723,2021-12-04T05:33:43.785Z,,2021-12-10T08:11:39.400Z,0.13927853719299133,-9.007154809398514,,,
ethereum-classic,etc,Ethereum Classic,https://assets.coingecko.com/coins/images/453/large/ethereum-classic-logo.png?1547034169,37.02,4871656016,38,7803573420.0,565550570.0,39.86,36.94,-2.820309169442,-7.07894,-393228980.2664671,-7.4689,131536908.449,210700000.0,210700000.0,167.09,-77.8175,2021-05-06T18:34:22.133Z,0.615038,5926.24844,2016-07-25T00:00:00.000Z,,2021-12-10T08:11:52.057Z,-0.6501394201197049,-7.07893903930146,81.26785863021293,usd,8126.785863021293
cdai,cdai,cDAI,https://assets.coingecko.com/coins/images/9281/large/cDAI.png?1576467585,0.02181555,4647612094,39,,5732248.0,0.02200419,0.02160233,0.00019649,0.90887,18180166.0,0.39271,213041281853.491,213041327818.712,,0.03159087,-30.81242,2020-10-12T21:29:00.007Z,0.00728854,199.88097,2020-03-18T04:29:40.819Z,,2021-12-10T08:10:38.689Z,0.015731277199891525,0.9088655674650546,,,
hedera-hashgraph,hbar,Hedera,https://assets.coingecko.com/coins/images/3688/large/hbar.png?1637045634,0.250485,4574722614,40,,69394514.0,0.27825,0.249043,-0.0277650282,-9.97843,-536275284.2376671,-10.49257,18287622674.0,50000000000.0,,0.569229,-56.24912,2021-09-15T10:40:28.318Z,0.00986111,2425.50338,2020-01-02T17:30:24.852Z,,2021-12-10T08:12:14.489Z,-0.3535968883782191,-9.978428892688818,,,
the-sandbox,sand,The Sandbox,https://assets.coingecko.com/coins/images/12129/large/sandbox_logo.jpg?1597397942,4.99,4543792263,41,14924353868.0,1256743786.0,5.67,4.97,-0.26917586457,-5.11998,-273935203.1718035,-5.68598,913364619.2233225,3000000000.0,3000000000.0,8.4,-40.71302,2021-11-25T06:04:40.957Z,0.02897764,17079.47678,2020-11-04T15:59:14.441Z,,2021-12-10T08:12:19.760Z,-0.32298058436256755,-5.119978224316058,,,
decentraland,mana,Decentraland,https://assets.coingecko.com/coins/images/878/large/decentraland-mana.png?1550108745,3.38,4484694486,42,7412570108.0,866929882.0,3.86,3.35,-0.329295275379,-8.88086,-460821669.50592995,-9.31797,1327372145.9864838,2193959727.32015,2193959727.32015,5.85,-42.30955,2021-11-25T10:04:18.534Z,0.00923681,36442.54688,2017-10-31T00:00:00.000Z,,2021-12-10T08:09:58.215Z,0.14102855712578527,-8.88085860900469,167.9313166536794,usd,16793.13166536794
theta-token,theta,Theta Network,https://assets.coingecko.com/coins/images/2538/large/theta-token-logo.png?1548387191,4.37,4373483632,43,,200174490.0,4.79,4.35,-0.416962018516,-8.70403,-416962018.5163193,-8.70403,1000000000.0,1000000000.0,,15.72,-72.27232,2021-04-16T13:15:11.190Z,0.04039979,10688.9506,2020-03-13T02:24:16.483Z,,2021-12-10T08:09:52.653Z,-0.7665425178129373,-8.704034007315354,28.15655754616264,usd,2815.655754616264
tezos,xtz,Tezos,https://assets.coingecko.com/coins/images/976/large/Tezos-logo.png?1547034862,4.55,3953229385,44,,397920512.0,5.33,4.54,-0.747115004942,-14.09202,-682629278.2164774,-14.72498,869292721.64167,,,9.12,-49.93226,2021-10-04T00:41:18.025Z,0.350476,1202.28818,2018-12-07T00:00:00.000Z,,2021-12-10T08:11:47.635Z,-0.7073999253118712,-14.092015945375444,8.69058516785067,usd,869.058516785067
magic-internet-money,mim,Magic Internet Money,https://assets.coingecko.com/coins/images/16786/large/mimlogopng.png?1624979612,0.995112,3950343155,45,,400975058.0,1.01,0.989917,-0.004334690767,-0.43371,225632033.0,6.05771,3969748141.24997,3969748141.24997,,1.04,-4.37367,2021-10-06T13:25:17.751Z,0.919196,8.30363,2021-12-04T05:29:56.806Z,,2021-12-10T08:11:33.564Z,-0.34498694714124406,-0.4337091457079357,,,
compound-usd-coin,cusdc,cUSDC,https://assets.coingecko.com/coins/images/9442/large/Compound_USDC.png?1567581577,0.02247514,3850681137,46,,8739610.0,0.0226445,0.02225566,0.00021948,0.98617,40309207.0,1.05788,171330661847.748,171330661847.748,,0.058843,-61.75506,2020-10-21T11:24:27.820Z,0.00620705,262.56538,2021-03-04T08:11:37.438Z,,2021-12-10T08:07:59.098Z,0.04994590386869569,0.9861747117323362,,,
gala,gala,Gala,https://assets.coingecko.com/coins/images/12493/large/GALA-COINGECKO.png?1600233435,0.475079,3583283634,47,23753962625.0,1361280438.0,0.552868,0.472963,-0.027788561571,-5.52602,-216292818.13266897,-5.69255,7542496572.319239,36316242407.337,50000000000.0,0.824837,-42.42504,2021-11-26T01:03:48.731Z,0.00013475,352331.65494,2020-12-28T08:46:48.367Z,,2021-12-10T08:11:11.997Z,-1.5146475355297218,-5.5260171347382006,,,
fantom,ftm,Fantom,https://assets.coingecko.com/coins/images/4001/large/Fantom.png?1558015016,1.4,3551610442,48,4437499178.0,321967670.0,1.57,1.39,-0.173386595959,-11.04447,-456396305.034338,-11.38711,2541152731.01,3175000000.0,3175000000.0,3.46,-59.59587,2021-10-28T05:19:39.845Z,0.00190227,73359.9557,2020-03-13T02:25:38.280Z,,2021-12-10T08:12:57.468Z,0.09592319861488215,-11.044468838479952,45.5502897584403,usd,4555.02897584403
leo-token,leo,LEO Token,https://assets.coingecko.com/coins/images/8418/large/leo-token.png?1558326215,3.7,3480579459,49,,475888.0,3.74,3.6,0.099262,2.75411,81370270.0,2.3938,939830523.9,985239504.0,,3.95,-6.06205,2021-05-14T13:54:31.192Z,0.799859,363.328,2019-12-24T15:14:35.376Z,,2021-12-10T08:09:44.367Z,0.17538766580831933,2.754105095810637,,,
monero,xmr,Monero,https://assets.coingecko.com/coins/images/69/large/monero_logo.png?1547033729,188.16,3388320934,50,,149129076.0,204.46,186.58,-15.367616811931,-7.5505,-301654085.7469678,-8.17496,18043154.84793,,,542.33,-65.40954,2018-01-09T00:00:00.000Z,0.216177,86677.5971,2015-01-14T00:00:00.000Z,,2021-12-10T08:12:47.056Z,0.28948282953918797,-7.550504441578361,,,
klay-token,klay,Klaytn,https://assets.coingecko.com/coins/images/9672/large/CjbT82vP_400x400.jpg?1570548320,1.32,3379718946,51,,20612638.0,1.45,1.31,-0.097513487781,-6.85864,-248506953.09145546,-6.84927,2552180614.6,,,4.34,-69.54806,2021-03-30T03:44:28.828Z,0.06044,2086.12228,2020-04-29T08:19:34.574Z,,2021-12-10T08:09:59.116Z,0.697088519007728,-6.858641125090738,,,
the-graph,grt,The Graph,https://assets.coingecko.com/coins/images/13397/large/Graph_Token.png?1608145566,0.670864,3315225720,52,6688176784.0,159982004.0,0.752069,0.664572,-0.077192629096,-10.31909,-418735899.88658905,-11.21425,4956845231.0,10000000000.0,10000000000.0,2.84,-76.59169,2021-02-12T07:28:45.775Z,0.103254,544.18442,2020-12-17T21:28:41.332Z,,2021-12-10T08:12:23.804Z,0.3400922817162514,-10.319091698700475,,,
iota,miota,IOTA,https://assets.coingecko.com/coins/images/692/large/IOTA_Swirl.png?1604238557,1.14,3153981787,53,,72118492.0,1.23,1.13,-0.057564072595,-4.81935,-179641633.8645501,-5.38878,2779530283.277761,2779530283.0,,5.25,-78.28911,2017-12-19T00:00:00.000Z,0.081637,1295.87624,2020-03-13T02:22:41.168Z,,2021-12-10T08:12:07.856Z,-0.5279637708459597,-4.819348494759949,16.76687922166583,btc,1676.687922166583
eos,eos,EOS,https://assets.coingecko.com/coins/images/738/large/eos-eos-logo.png?1547034481,3.18,3099227169,54,,915669695.0,3.49,3.15,-0.281338949524,-8.13941,-295871348.5970073,-8.71466,976843066.0372,,,22.71,-86.04738,2018-04-29T07:50:33.540Z,0.5024,530.73604,2017-10-23T00:00:00.000Z,,2021-12-10T08:11:33.107Z,-0.029114956391332558,-8.139408963898594,2.2072368428294262,usd,220.72368428294263
olympus,ohm,Olympus,https://assets.coingecko.com/coins/images/14483/large/token_OHM_%281%29.png?1628311611,524.94,3078286825,55,3573119755.0,136662991.0,528.81,468.43,20.17,3.99505,134920356.0,4.58388,5864123.62573424,6806778.30491096,6806778.30491096,1415.26,-62.82704,2021-04-25T00:00:00.000Z,162.79,223.17467,2021-05-23T22:25:07.703Z,,2021-12-10T08:10:37.752Z,-0.4779811135834036,3.9950524610839184,,,
bittorrent-2,btt,BitTorrent,https://assets.coingecko.com/coins/images/7595/large/BTT_Token_Graphic.png?1555066995,0.00319821,2978723660,56,,676644204.0,0.00357642,0.00319435,-0.000372752774,-10.43845,-358700866.20522404,-10.74783,932497500000.0,990000000000.0,,0.01356626,-76.4118,2021-04-05T04:09:06.433Z,0.00013814,2216.46969,2020-03-13T02:22:57.629Z,,2021-12-10T08:11:26.843Z,-1.7110037282749662,-10.438452715897041,25.65171112234213,usd,2565.1711122342135
loopring,lrc,Loopring,https://assets.coingecko.com/coins/images/913/large/LRC.png?1572852344,2.36,2937186710,57,3240153764.0,690186617.0,2.59,2.36,-0.142724284364,-5.7089,-198229856.0874138,-6.32228,1245991468.94246,1373873440.44246,1374513896.0,3.75,-36.62213,2021-11-10T14:59:53.164Z,0.01963893,12001.31765,2019-12-18T13:14:41.553Z,,2021-12-10T08:09:57.502Z,-1.3022978307789455,-5.708895722800398,38.28848074204743,usd,3828.848074204743
flow,flow,Flow,https://assets.coingecko.com/coins/images/13446/large/5f6294c0c7a8cda55cb1c936_Flow_Wordmark.png?1631696776,9.2,2902211327,58,,49705971.0,9.85,9.18,-0.635181529858,-6.46119,-222447416.70716143,-7.11909,315588776.0,1393082413.50733,,42.4,-78.26807,2021-04-05T13:49:10.098Z,4.95,86.13578,2021-01-27T15:34:04.000Z,,2021-12-10T08:12:22.745Z,-0.5254653274363357,-6.4611940503178245,,,
helium,hnt,Helium,https://assets.coingecko.com/coins/images/4284/large/Helium_HNT.png?1612620071,28.88,2901540445,59,6435723346.0,25704795.0,29.82,27.93,-0.934943356619,-3.13556,-101268208.79809093,-3.37245,100539361.984279,223000000.0,223000000.0,54.88,-47.57825,2021-11-12T23:08:25.301Z,0.113248,25302.2988,2020-04-18T00:19:10.902Z,,2021-12-10T08:12:51.170Z,1.3708154296626769,-3.1355561488109482,,,
pancakeswap-token,cake,PancakeSwap,https://assets.coingecko.com/coins/images/12632/large/pancakeswap-cake-logo_%281%29.png?1629359065,11.26,2789090028,60,,115638429.0,12.1,11.25,-0.83857471154,-6.93055,-214976775.5771699,-7.15619,247894293.256568,,,43.96,-74.35164,2021-04-30T10:08:22.934Z,0.194441,5699.30626,2020-11-03T14:29:34.165Z,,2021-12-10T08:12:20.468Z,-0.685066337999815,-6.930552018271808,,,
kusama,ksm,Kusama,https://assets.coingecko.com/coins/images/9568/large/m4zRhP5e_400x400.jpg?1576190080,289.56,2600274746,61,2895597269.0,83001796.0,301.79,283.75,-9.28241034675,-3.10613,-83356955.27796984,-3.10613,8980098.074112339,10000000.0,10000000.0,621.71,-53.58852,2021-05-18T05:04:41.858Z,0.876572,32817.14066,2020-01-14T19:20:20.768Z,,2021-12-10T08:09:55.091Z,-0.15964245862074503,-3.1061250036906425,,,
amp-token,amp,Amp,https://assets.coingecko.com/coins/images/12409/large/amp-200x200.png?1599625397,0.052306,2518434305,62,5204574240.0,34688930.0,0.057497,0.052452,-0.005190166998,-9.02692,-253474241.66443968,-9.14439,48013928909.1577,99441448762.0837,99225164238.50153,0.120813,-56.52447,2021-06-16T16:03:41.147Z,0.00250501,1996.75311,2020-11-04T13:18:12.191Z,,2021-12-10T08:12:28.949Z,-0.7715102305052673,-9.026918320417582,,,
bitcoin-cash-sv,bsv,Bitcoin SV,https://assets.coingecko.com/coins/images/6799/large/BSV.png?1558947902,132.54,2508813745,63,,281625997.0,142.47,130.08,-9.902862903399,-6.95194,-198049181.93324804,-7.31656,18919851.644239,21000000.0,,489.75,-72.94389,2021-04-16T17:09:04.630Z,42.02,215.36423,2018-11-23T00:00:00.000Z,,2021-12-10T08:11:36.078Z,1.0593343297159838,-6.951942945646793,,,
radix,xrd,Radix,https://assets.coingecko.com/coins/images/4374/large/Radix.png?1629701658,0.254211,2465086940,64,6092574762.0,2270855.0,0.295673,0.235465,-0.039025563284,-13.30856,-376824116.9655299,-13.25953,9710522870.4603,12110522870.4603,24000000000.0,0.651264,-60.98612,2021-11-14T16:09:27.130Z,0.086235,194.63962,2021-09-13T04:50:07.104Z,,2021-12-10T08:11:10.394Z,1.4798535710916652,-13.308564908045629,,,
enjincoin,enj,Enjin Coin,https://assets.coingecko.com/coins/images/1102/large/enjin-coin-logo.png?1547035078,2.52,2351815668,65,2517085865.0,280697278.0,2.89,2.51,-0.308916254977,-10.93121,-303604066.16150665,-11.43337,934340659.567558,1000000000.0,1000000000.0,4.82,-47.7928,2021-11-25T09:53:41.955Z,0.01865964,13383.85601,2017-11-12T00:00:00.000Z,,2021-12-10T08:10:11.099Z,-0.8040592070592396,-10.931211012438492,,,
aave,aave,Aave,https://assets.coingecko.com/coins/images/12645/large/AAVE.png?1601374110,172.96,2323420334,66,2767341733.0,184324552.0,193.46,172.7,-20.502734251532,-10.59783,-286752791.05486536,-10.98597,13433369.977140564,16000000.0,16000000.0,661.69,-73.84255,2021-05-18T21:19:59.514Z,26.02,565.1051,2020-11-05T09:20:11.928Z,,2021-12-10T08:10:34.800Z,-0.3281390806961267,-10.597831839935932,,,
ecash,xec,eCash,https://assets.coingecko.com/coins/images/16646/large/Logo_final-22.png?1628239446,0.00011865,2244902239,67,2491749853.0,40393417.0,0.00013112,0.00011822,-1.2461061e-05,-9.50386,-239084780.56056452,-9.62504,18919614646789.4,21000000000000.0,21000000000000.0,0.00038001,-68.78313,2021-09-04T17:09:31.137Z,1.847e-05,542.27843,2021-07-20T20:49:46.212Z,,2021-12-10T08:10:27.534Z,-2.2249454986709125,-9.503858219274331,,,
maker,mkr,Maker,https://assets.coingecko.com/coins/images/1364/large/Mark_Maker.png?1585191826,2481.09,2236453584,68,2495172496.0,74128879.0,2662.41,2473.23,-177.181051508046,-6.66529,-170937979.97456837,-7.10055,901310.9472893132,988498.635992445,1005577.0,6292.31,-60.4956,2021-05-03T21:54:29.333Z,168.36,1376.46548,2020-03-16T20:52:36.527Z,,2021-12-10T08:11:31.193Z,-0.08630186686496147,-6.665285741087899,,,
blockstack,stx,Stacks,https://assets.coingecko.com/coins/images/2069/large/Stacks_logo_full.png?1604112510,2.08,2185634856,69,,96224589.0,2.31,2.06,-0.228822757475,-9.90666,-256180758.31846476,-10.4914,1052561461.68777,1818000000.0,,3.39,-39.15644,2021-12-01T01:32:34.725Z,0.04559639,4423.11043,2020-03-13T02:29:26.415Z,,2021-12-10T08:12:23.424Z,0.2849900660890812,-9.906655731307533,16.341378046610476,usd,1634.1378046610475
quant-network,qnt,Quant,https://assets.coingecko.com/coins/images/3370/large/5ZOu7brX_400x400.jpg?1612437252,160.13,2148072093,70,2340002781.0,68580355.0,168.92,150.93,-7.095516675391,-4.24298,-105579175.76538134,-4.68481,13413953.469289193,14612493.0,14612493.0,427.42,-62.39474,2021-09-11T09:15:00.668Z,0.215773,74391.74083,2018-08-23T00:00:00.000Z,,2021-12-10T08:12:42.491Z,-1.6771184255042988,-4.242975766239128,16.053394272990275,eth,1605.3394272990274
thorchain,rune,THORChain,https://assets.coingecko.com/coins/images/6595/large/RUNE.png?1614160507,6.94,2064276337,71,3468884684.0,59488416.0,7.97,6.88,-1.027702083623,-12.90196,-309264399.3627007,-13.02966,297541792.91730165,500000000.0,500000000.0,20.87,-66.77709,2021-05-19T00:30:09.436Z,0.00851264,81341.42294,2019-09-28T00:00:00.000Z,,2021-12-10T08:09:43.923Z,-0.3224380625972912,-12.901961795207818,181.57287813111094,usd,18157.287813111096
arweave,ar,Arweave,https://assets.coingecko.com/coins/images/4343/large/oRt6SiEN_400x400.jpg?1591059616,41.05,2055296886,72,2707117337.0,36350984.0,46.11,40.76,-5.06348898438,-10.98055,-274270185.5863564,-11.77344,50108502.0,64598643.0,66000000.0,89.24,-53.90708,2021-11-05T04:14:42.689Z,0.298788,13665.98658,2020-01-31T06:47:36.543Z,,2021-12-10T08:11:38.372Z,-0.36296515458263484,-10.98054752935738,54.47267033711353,usd,5447.267033711352
zcash,zec,Zcash,https://assets.coingecko.com/coins/images/486/large/circle-zcash-color.png?1547034197,167.89,1993596954,74,3522738545.0,466318596.0,182.44,163.66,-8.949434246867,-5.06086,-117331249.2980187,-5.55828,11884372.1975468,21000000.0,21000000.0,3191.93,-94.74523,2016-10-29T00:00:00.000Z,19.75,749.10206,2020-03-13T02:20:55.002Z,,2021-12-10T08:11:37.102Z,0.9160771760263651,-5.060858630114741,,,
harmony,one,Harmony,https://assets.coingecko.com/coins/images/4344/large/Y88JAze.png?1565065793,0.173252,1985690021,73,2279309085.0,76607043.0,0.194286,0.173423,-0.021034028462,-10.82633,-251022945.8493402,-11.22285,11461291988.1007,13156044839.793139,13156044839.793139,0.37902,-54.07747,2021-10-26T09:28:49.782Z,0.00127355,13566.95205,2020-03-13T02:24:14.005Z,,2021-12-10T08:09:42.837Z,-0.7538844767275422,-10.826329122816656,53.56751128794636,usd,5356.751128794636
neo,neo,NEO,https://assets.coingecko.com/coins/images/480/large/NEO_512_512.png?1594357361,27.43,1932102999,75,,148853608.0,30.2,27.38,-2.765519798761,-9.15773,-209833314.68504572,-9.79643,70530000.0,100000000.0,,198.38,-86.1567,2018-01-15T00:00:00.000Z,0.078349,34951.35813,2016-10-21T00:00:00.000Z,,2021-12-10T08:12:24.420Z,-0.34467208569234437,-9.157726610035706,761.0344252649328,usd,76103.44252649328
huobi-btc,hbtc,Huobi BTC,https://assets.coingecko.com/coins/images/12407/large/Unknown-5.png?1599624896,47706.0,1902712010,76,1902712010.0,6197389.0,50192.0,47163.0,-2486.198262413593,-4.95335,-99159735.87539053,-4.95335,39884.082204742,39884.082204742,39884.082204742,69325.0,-31.1024,2021-05-10T02:33:06.038Z,11209.02,326.11492,2020-10-12T03:56:16.768Z,,2021-12-10T08:07:02.932Z,-0.3391729354252297,-4.953351086543366,,,
theta-fuel,tfuel,Theta Fuel,https://assets.coingecko.com/coins/images/8029/large/1_0YusgngOrriVg4ZYx4wOFQ.png?1553483622,0.229196,1886178774,77,,49678230.0,0.255768,0.225439,-0.026083978358,-10.21777,49552231.0,2.698,0.0,5301200000.0,,0.68159,-66.4945,2021-06-09T06:50:55.818Z,0.00090804,25049.81676,2020-03-13T02:30:37.972Z,,2021-12-10T08:12:27.534Z,0.5195695805889042,-10.217774202460918,,,
kadena,kda,Kadena,https://assets.coingecko.com/coins/images/3693/large/djLWD6mR_400x400.jpg?1591080616,10.99,1771627386,78,10992148521.0,55163025.0,11.94,10.36,-0.868951345404,-7.32606,-169532860.07829618,-8.73358,161172075.06454,1000000000.0,1000000000.0,27.64,-59.54129,2021-11-11T13:22:45.731Z,0.065811,16889.52971,2020-03-13T02:00:28.582Z,,2021-12-10T08:10:43.786Z,-3.3848831055531297,-7.326060443136011,9.99214852060339,usd,999.214852060339
bitcoin-cash-abc-2,bcha,Bitcoin Cash ABC,https://assets.coingecko.com/coins/images/13120/large/Logo_final-21.png?1624892810,90.07,1692729093,79,,495.25,95.01,90.07,-4.947688561522,-5.20727,-92987147.75437355,-5.20727,18794058.3967894,21000000.0,,378.12,-76.1801,2021-09-04T17:15:31.514Z,9.21,877.95008,2020-11-15T18:28:32.658Z,,2021-12-09T20:51:40.385Z,,-5.207274572507849,,,
waves,waves,Waves,https://assets.coingecko.com/coins/images/425/large/waves.png?1548386117,16.78,1680137098,80,,76467783.0,18.46,16.79,-1.677618095748,-9.08689,-175830284.8264761,-9.47378,100000000.0,100000000.0,,43.01,-60.80049,2021-05-04T06:49:41.528Z,0.130878,12783.14825,2016-08-02T00:00:00.000Z,,2021-12-10T08:12:41.873Z,-0.545201935751268,-9.08689397505737,88.27837720375112,usd,8827.837720375112
basic-attention-token,bat,Basic Attention Token,https://assets.coingecko.com/coins/images/677/large/basic-attention-token.png?1547034427,1.11,1661706199,81,1669523908.0,234481500.0,1.26,1.11,-0.143959867601,-11.45358,-223569496.11974287,-11.85872,1492976103.4473505,1500000000.0,1500000000.0,1.9,-41.09029,2021-11-28T00:23:51.354Z,0.072394,1446.55779,2017-07-16T00:00:00.000Z,,2021-12-10T08:11:36.836Z,-1.8149762573387087,-11.453582166002379,0.7640329024950061,eth,76.40329024950061
celsius-degree-token,cel,Celsius Network,https://assets.coingecko.com/coins/images/3263/large/CEL_logo.png?1609598753,3.84,1625557316,82,,8250975.0,3.96,3.4,0.209223,5.766,83592332.0,5.42116,423415980.3475,695090076.6871,,8.05,-52.37987,2021-06-04T00:04:12.584Z,0.02620268,14524.42908,2018-12-07T00:00:00.000Z,,2021-12-10T08:11:00.553Z,-0.021255259806388097,5.766000338374319,11.7926359559153,usd,1179.26359559153
holotoken,hot,Holo,https://assets.coingecko.com/coins/images/3348/large/Holologo_Profile.png?1547037966,0.00894606,1590718381,83,,174411846.0,0.00975656,0.00893227,-0.000810495635,-8.30719,-151289184.70082235,-8.68476,177619433541.141,177619433541.141,,0.03126682,-71.32668,2021-04-05T16:04:52.608Z,0.0002202,3971.42657,2020-03-13T02:23:01.612Z,,2021-12-10T08:10:52.150Z,-0.038138897361088116,-8.30718927083827,8.78201454284528,eth,878.201454284528
chiliz,chz,Chiliz,https://assets.coingecko.com/coins/images/8834/large/Chiliz.png?1561970540,0.29506,1577978103,84,2624682358.0,202856512.0,0.32377,0.290208,-0.02595367599,-8.08492,-145686478.89404058,-8.45214,5344064580.0,8888888888.0,8888888888.0,0.878633,-66.38082,2021-03-13T08:04:21.200Z,0.00410887,7089.05646,2019-09-28T00:00:00.000Z,,2021-12-10T08:11:25.488Z,0.3051343393241231,-8.084923581061314,12.41179884230239,usd,1241.1798842302392
kucoin-shares,kcs,KuCoin Token,https://assets.coingecko.com/coins/images/1047/large/sa9z79.png?1610678720,19.88,1531984999,85,,27387497.0,21.98,19.9,-2.05836076229,-9.38434,-163380662.75408387,-9.6369,77073331.0,167073331.0,,28.83,-29.99271,2021-12-01T15:09:35.541Z,0.342863,5786.61387,2019-02-07T00:00:00.000Z,,2021-12-10T08:11:51.412Z,-1.841629677073091,-9.384339217915603,,,
huobi-token,ht,Huobi Token,https://assets.coingecko.com/coins/images/2822/large/huobi-token-logo.png?1547036992,9.55,1520788608,86,4773091128.0,124396064.0,10.21,9.55,-0.406105189128,-4.08019,-70349864.06782436,-4.42135,159308566.25441208,500000000.0,500000000.0,39.66,-75.87793,2021-05-12T14:42:21.586Z,0.90862,952.91531,2019-01-30T00:00:00.000Z,,2021-12-10T08:11:32.202Z,-2.526490214147004,-4.080189589961685,8.643425117359236,usd,864.3425117359235
dash,dash,Dash,https://assets.coingecko.com/coins/images/19/large/dash-logo.png?1548385930,136.11,1424015844,87,,311961436.0,148.15,135.57,-6.952266736861,-4.85973,-82700634.32078958,-5.4888,10472089.8243398,18920000.0,,1493.59,-90.9024,2017-12-20T00:00:00.000Z,0.213899,63425.75089,2014-02-14T00:00:00.000Z,,2021-12-10T08:11:26.996Z,-0.1760137933661301,-4.859734565160999,,,
frax,frax,Frax,https://assets.coingecko.com/coins/images/13422/large/frax_logo.png?1608476506,0.996806,1421123542,88,1421123542.0,34195641.0,1.01,0.988327,0.00191152,0.19213,48390655.0,3.52513,1425574681.90788,1425574681.90788,1425574681.90788,1.14,-12.65559,2021-02-07T12:55:35.766Z,0.891635,11.71837,2021-12-04T05:33:57.315Z,,2021-12-10T08:11:46.735Z,-0.16143802525057444,0.19213262607867132,,,
curve-dao-token,crv,Curve DAO Token,https://assets.coingecko.com/coins/images/12124/large/Curve.png?1597369484,3.58,1404802707,89,11838270244.0,256729767.0,4.05,3.56,-0.463001536734,-11.44043,-183994189.19782114,-11.58072,391958099.3931446,1647194619.55338,3303030299.0,54.01,-93.37954,2020-08-14T04:53:44.010Z,0.331577,978.31864,2020-11-05T13:09:50.181Z,,2021-12-10T08:10:11.501Z,0.019386844185184018,-11.440427461708717,,,
link,ln,LINK,https://assets.coingecko.com/coins/images/6450/large/linklogo.png?1547042644,232.8,1391188742,90,,6143072.0,260.64,234.28,-24.853253544484,-9.64617,-148523183.79952884,-9.64617,5976007.796633,6045959.0,,345.88,-32.26755,2021-04-01T22:19:00.034Z,1.05,22106.28814,2018-12-26T00:00:00.000Z,,2021-12-10T08:05:28.674Z,-1.2506241161177312,-9.64617012819132,,,
celo,celo,Celo,https://assets.coingecko.com/coins/images/11090/large/icon-celo-CELO-color-500.png?1592293590,3.79,1383590222,91,3767901105.0,54575296.0,4.18,3.75,-0.316024282876,-7.70531,-127995911.71494317,-8.46766,367204495.0,1000000000.0,1000000000.0,9.82,-61.71019,2021-08-30T14:25:09.929Z,0.800156,369.97829,2020-05-22T04:15:27.736Z,,2021-12-10T08:11:41.727Z,-0.34408032123155613,-7.705306788538947,,,
iotex,iotx,IoTeX,https://assets.coingecko.com/coins/images/3334/large/iotex-logo.png?1547037941,0.137766,1306739970,93,1307488630.0,359142744.0,0.137815,0.115944,0.02110096,18.08681,193439116.0,17.37528,9490829322.48387,9496266827.32,9496266827.32,0.255593,-46.43213,2021-11-13T16:54:18.643Z,0.00121576,11161.73827,2020-03-13T02:29:47.597Z,,2021-12-10T08:11:24.982Z,5.566728099980205,18.08680540699347,,,
ecomi,omi,ECOMI,https://assets.coingecko.com/coins/images/4428/large/ECOMI.png?1557928886,0.00547745,1301933756,92,,14706553.0,0.00615157,0.00544761,-0.000367485779,-6.28725,-87365041.5519445,-6.28843,237689829874.56,750000000000.0,,0.01343572,-59.08467,2021-03-19T17:20:53.999Z,3.37e-06,162977.6156,2019-11-04T10:52:42.729Z,,2021-12-10T08:03:32.922Z,-1.6898819305928476,-6.287252748451986,10.45548934433933,btc,1045.548934433933
true-usd,tusd,TrueUSD,https://assets.coingecko.com/coins/images/3449/large/tusd.png?1618395665,0.997764,1298153639,94,,143679524.0,1.01,0.989528,0.00254775,0.256,2973380.0,0.22957,1301078224.85385,1043974474.85385,,1.62,-38.33755,2018-08-26T20:41:09.375Z,0.88355,12.9551,2020-03-12T10:47:51.380Z,,2021-12-10T08:12:49.520Z,0.31607899744630286,0.2559991419098534,,,
msol,msol,Marinade staked SOL,https://assets.coingecko.com/coins/images/17752/large/PJ7Scn3.png?1629175951,180.01,1231172995,95,1231389479.0,55622839.0,193.53,179.94,-13.524837330606,-6.98839,-87101413.24823332,-6.60723,6839537.68881727,6840740.32330922,6840740.32330922,3541.84,-94.91914,2021-08-23T22:16:35.076Z,42.4,324.43265,2021-08-30T10:27:09.425Z,,2021-12-10T08:10:13.549Z,-0.44642336226099094,-6.988386181847679,,,
compound-governance-token,comp,Compound,https://assets.coingecko.com/coins/images/10775/large/COMP.png?1592625425,194.4,1204725171,97,1940555824.0,168433176.0,212.27,191.19,-17.190169528461,-8.12431,-114463830.80930424,-8.67683,6208144.885647785,10000000.0,10000000.0,910.54,-78.71287,2021-05-12T02:29:08.794Z,61.32,216.08339,2020-06-18T12:54:32.788Z,,2021-12-10T08:12:08.164Z,0.8359003916188051,-8.124313588556777,,,
nexo,nexo,NEXO,https://assets.coingecko.com/coins/images/3695/large/nexo.png?1548086057,2.14,1201514546,96,2145561651.0,7894350.0,2.33,2.15,-0.184768594164,-7.93414,-111670718.59237194,-8.50381,560000010.0064,1000000000.0,1000000000.0,4.07,-47.04937,2021-05-12T14:37:47.535Z,0.04515276,4670.50761,2018-09-13T00:00:00.000Z,,2021-12-10T08:11:11.682Z,-0.785713419156956,-7.934139588573792,20.44010627592626,usd,2044.010627592626
nem,xem,NEM,https://assets.coingecko.com/coins/images/242/large/NEM_Logo_256x256.png?1598687029,0.132889,1193034280,98,,36458453.0,0.142236,0.13252,-0.007940099134,-5.63812,-80922535.25134802,-6.35206,8999999999.0,8999999999.0,,1.87,-92.8754,2018-01-07T00:00:00.000Z,8.482e-05,156857.19176,2015-09-05T00:00:00.000Z,,2021-12-10T08:11:06.437Z,-1.1218062892664133,-5.638116701002581,,,
paxos-standard,usdp,Pax Dollar,https://assets.coingecko.com/coins/images/6013/large/Pax_Dollar.png?1629877204,0.999067,1141170851,99,,5740139.0,1.01,0.988679,0.00265486,0.26644,7667969.0,0.67648,1142147714.29,1142147714.29,,1.13,-11.38227,2018-10-15T07:09:12.459Z,0.863529,15.72509,2021-05-19T13:14:42.046Z,,2021-12-10T08:12:06.622Z,0.38616736068632684,0.26644194835850504,-0.0009331565021632,usd,-0.09331565021632
mina-protocol,mina,Mina Protocol,https://assets.coingecko.com/coins/images/15628/large/JM4_vQ34_400x400.png?1621394004,3.56,1128586083,100,,32144802.0,3.85,3.54,-0.264602738284,-6.91659,-85582446.37007046,-7.04865,316930224.840039,876959452.840039,,9.09,-60.56384,2021-06-01T01:42:37.064Z,0.925536,287.33051,2021-07-21T02:30:02.124Z,,2021-12-10T08:12:27.574Z,-0.673614346646158,-6.916585715096075,,,
